text,gender
I love watching football.,male
Watching the game with friends.,male
Can't stop reading this novel.,female
Coding late into the night.,male
Just baked some cupcakes.,female
Driving to the mountains.,male
Doing yoga this morning.,female
Just got a haircut.,male
Planning a girls' night out.,female
Can't stop reading this novel.,female
Driving to the mountains.,male
Building a new PC today!,male
Playing video games.,male
Trying out a new recipe.,female
Painting nails and chilling.,female
Painting nails and chilling.,female
Going to the gym.,male
Enjoying action movies.,male
Just fixed my bike.,male
Going to the gym.,male
Trying out a new recipe.,female
Trying out a new recipe.,female
Just got a haircut.,male
Building a new PC today!,male
Planning a girls' night out.,female
Just fixed my bike.,male
Watching romantic comedies.,female
Enjoying a spa day.,female
Doing yoga this morning.,female
Enjoying a spa day.,female
Playing video games.,male
Driving to the mountains.,male
Can't stop reading this novel.,female
Driving to the mountains.,male
Enjoying a spa day.,female
Watching the game with friends.,male
Just baked some cupcakes.,female
Watching the game with friends.,male
Building a new PC today!,male
Loving this new lipstick shade!,female
Watching romantic comedies.,female
Going to the gym.,male
I love watching football.,male
Building a new PC today!,male
Just fixed my bike.,male
Playing video games.,male
Just got a haircut.,male
Just got a haircut.,male
Driving to the mountains.,male
Just baked some cupcakes.,female
Just got a haircut.,male
Going to the gym.,male
Watching romantic comedies.,female
Coding late into the night.,male
Trying out a new recipe.,female
Playing video games.,male
Going to the gym.,male
Enjoying a spa day.,female
Can't stop reading this novel.,female
Building a new PC today!,male
Shopping with my besties.,female
Enjoying action movies.,male
Going to the gym.,male
Playing video games.,male
Painting nails and chilling.,female
Playing video games.,male
Driving to the mountains.,male
Playing video games.,male
Enjoying a spa day.,female
Doing yoga this morning.,female
Planning a girls' night out.,female
Building a new PC today!,male
Doing yoga this morning.,female
Watching romantic comedies.,female
Enjoying a spa day.,female
Playing video games.,male
Going to the gym.,male
Enjoying a spa day.,female
Loving this new lipstick shade!,female
Just baked some cupcakes.,female
Going to the gym.,male
Planning a girls' night out.,female
Painting nails and chilling.,female
Planning a girls' night out.,female
Loving this new lipstick shade!,female
Going to the gym.,male
Trying out a new recipe.,female
Building a new PC today!,male
Enjoying a spa day.,female
Going to the gym.,male
Enjoying action movies.,male
I love watching football.,male
Building a new PC today!,male
Doing yoga this morning.,female
Just baked some cupcakes.,female
Watching romantic comedies.,female
Going to the gym.,male
Painting nails and chilling.,female
Playing video games.,male
Watching romantic comedies.,female
Enjoying action movies.,male
Enjoying a spa day.,female
Trying out a new recipe.,female
Building a new PC today!,male
Just got a haircut.,male
Enjoying a spa day.,female
Enjoying action movies.,male
Enjoying a spa day.,female
Going to the gym.,male
Doing yoga this morning.,female
Just baked some cupcakes.,female
Shopping with my besties.,female
Can't stop reading this novel.,female
Painting nails and chilling.,female
Can't stop reading this novel.,female
Loving this new lipstick shade!,female
Can't stop reading this novel.,female
Just got a haircut.,male
Trying out a new recipe.,female
I love watching football.,male
Loving this new lipstick shade!,female
Just got a haircut.,male
Just fixed my bike.,male
Just got a haircut.,male
Trying out a new recipe.,female
Enjoying a spa day.,female
Enjoying a spa day.,female
Just baked some cupcakes.,female
Building a new PC today!,male
Just got a haircut.,male
Coding late into the night.,male
I love watching football.,male
I love watching football.,male
Painting nails and chilling.,female
Just fixed my bike.,male
Enjoying a spa day.,female
Building a new PC today!,male
Can't stop reading this novel.,female
Painting nails and chilling.,female
Building a new PC today!,male
Doing yoga this morning.,female
Doing yoga this morning.,female
Going to the gym.,male
Just baked some cupcakes.,female
Doing yoga this morning.,female
Watching romantic comedies.,female
Just got a haircut.,male
Can't stop reading this novel.,female
Trying out a new recipe.,female
Just got a haircut.,male
I love watching football.,male
Doing yoga this morning.,female
Painting nails and chilling.,female
Watching the game with friends.,male
Coding late into the night.,male
Watching romantic comedies.,female
Playing video games.,male
Trying out a new recipe.,female
Going to the gym.,male
Going to the gym.,male
I love watching football.,male
Doing yoga this morning.,female
I love watching football.,male
Can't stop reading this novel.,female
Enjoying a spa day.,female
Coding late into the night.,male
Driving to the mountains.,male
Enjoying a spa day.,female
Driving to the mountains.,male
Shopping with my besties.,female
Going to the gym.,male
Playing video games.,male
Enjoying a spa day.,female
Going to the gym.,male
Playing video games.,male
I love watching football.,male
Just got a haircut.,male
Can't stop reading this novel.,female
Loving this new lipstick shade!,female
Just got a haircut.,male
Enjoying action movies.,male
Going to the gym.,male
Driving to the mountains.,male
Just baked some cupcakes.,female
Just got a haircut.,male
Watching romantic comedies.,female
Can't stop reading this novel.,female
Playing video games.,male
Shopping with my besties.,female
Doing yoga this morning.,female
Just got a haircut.,male
Coding late into the night.,male
Driving to the mountains.,male
Coding late into the night.,male
Painting nails and chilling.,female
Playing video games.,male
Shopping with my besties.,female
Driving to the mountains.,male
Driving to the mountains.,male
Shopping with my besties.,female
Just fixed my bike.,male
Watching the game with friends.,male
Just got a haircut.,male
Building a new PC today!,male
Playing video games.,male
Just fixed my bike.,male
Going to the gym.,male
Loving this new lipstick shade!,female
Planning a girls' night out.,female
Playing video games.,male
Driving to the mountains.,male
Watching the game with friends.,male
Can't stop reading this novel.,female
Enjoying a spa day.,female
Just got a haircut.,male
Enjoying action movies.,male
Painting nails and chilling.,female
Doing yoga this morning.,female
Going to the gym.,male
Enjoying a spa day.,female
Just fixed my bike.,male
Just baked some cupcakes.,female
Enjoying action movies.,male
Just baked some cupcakes.,female
Can't stop reading this novel.,female
Trying out a new recipe.,female
Driving to the mountains.,male
Painting nails and chilling.,female
Going to the gym.,male
Just fixed my bike.,male
Trying out a new recipe.,female
Watching the game with friends.,male
Coding late into the night.,male
Coding late into the night.,male
Painting nails and chilling.,female
Enjoying a spa day.,female
Just baked some cupcakes.,female
Building a new PC today!,male
Coding late into the night.,male
Doing yoga this morning.,female
Playing video games.,male
Watching the game with friends.,male
Loving this new lipstick shade!,female
Doing yoga this morning.,female
Enjoying a spa day.,female
Going to the gym.,male
Watching romantic comedies.,female
Watching the game with friends.,male
Building a new PC today!,male
I love watching football.,male
Painting nails and chilling.,female
Planning a girls' night out.,female
Coding late into the night.,male
I love watching football.,male
Loving this new lipstick shade!,female
Coding late into the night.,male
Coding late into the night.,male
Planning a girls' night out.,female
Coding late into the night.,male
Can't stop reading this novel.,female
Doing yoga this morning.,female
Just got a haircut.,male
Trying out a new recipe.,female
Coding late into the night.,male
Painting nails and chilling.,female
Shopping with my besties.,female
Driving to the mountains.,male
Watching the game with friends.,male
Planning a girls' night out.,female
Building a new PC today!,male
Driving to the mountains.,male
Playing video games.,male
Just fixed my bike.,male
Planning a girls' night out.,female
Doing yoga this morning.,female
Watching romantic comedies.,female
Doing yoga this morning.,female
Coding late into the night.,male
Coding late into the night.,male
Planning a girls' night out.,female
Loving this new lipstick shade!,female
Just fixed my bike.,male
Planning a girls' night out.,female
Doing yoga this morning.,female
Just fixed my bike.,male
Trying out a new recipe.,female
Trying out a new recipe.,female
Planning a girls' night out.,female
Shopping with my besties.,female
Enjoying a spa day.,female
Doing yoga this morning.,female
Can't stop reading this novel.,female
Just baked some cupcakes.,female
Enjoying action movies.,male
Watching romantic comedies.,female
Watching the game with friends.,male
I love watching football.,male
Watching romantic comedies.,female
Building a new PC today!,male
Enjoying a spa day.,female
Doing yoga this morning.,female
Going to the gym.,male
Trying out a new recipe.,female
Trying out a new recipe.,female
Going to the gym.,male
Shopping with my besties.,female
Driving to the mountains.,male
Just fixed my bike.,male
Building a new PC today!,male
Shopping with my besties.,female
Enjoying a spa day.,female
Just baked some cupcakes.,female
Playing video games.,male
Painting nails and chilling.,female
Watching romantic comedies.,female
Trying out a new recipe.,female
Loving this new lipstick shade!,female
Building a new PC today!,male
Watching romantic comedies.,female
Doing yoga this morning.,female
Painting nails and chilling.,female
Building a new PC today!,male
Enjoying a spa day.,female
Building a new PC today!,male
Watching the game with friends.,male
I love watching football.,male
Watching romantic comedies.,female
Watching romantic comedies.,female
Painting nails and chilling.,female
Watching the game with friends.,male
Coding late into the night.,male
Watching the game with friends.,male
Just got a haircut.,male
Just baked some cupcakes.,female
Playing video games.,male
Coding late into the night.,male
Can't stop reading this novel.,female
Building a new PC today!,male
Watching romantic comedies.,female
Shopping with my besties.,female
Enjoying action movies.,male
Just got a haircut.,male
I love watching football.,male
Building a new PC today!,male
Coding late into the night.,male
Trying out a new recipe.,female
Doing yoga this morning.,female
Watching romantic comedies.,female
Going to the gym.,male
Enjoying a spa day.,female
Just got a haircut.,male
Playing video games.,male
Just baked some cupcakes.,female
Driving to the mountains.,male
Planning a girls' night out.,female
Trying out a new recipe.,female
Can't stop reading this novel.,female
Shopping with my besties.,female
Playing video games.,male
Driving to the mountains.,male
Can't stop reading this novel.,female
Watching romantic comedies.,female
Doing yoga this morning.,female
Trying out a new recipe.,female
Coding late into the night.,male
Can't stop reading this novel.,female
Driving to the mountains.,male
Painting nails and chilling.,female
Enjoying action movies.,male
Trying out a new recipe.,female
Trying out a new recipe.,female
Trying out a new recipe.,female
Playing video games.,male
Watching the game with friends.,male
Planning a girls' night out.,female
Going to the gym.,male
Planning a girls' night out.,female
Planning a girls' night out.,female
Painting nails and chilling.,female
I love watching football.,male
Doing yoga this morning.,female
Shopping with my besties.,female
Going to the gym.,male
Just got a haircut.,male
Enjoying a spa day.,female
Coding late into the night.,male
Enjoying action movies.,male
Shopping with my besties.,female
Going to the gym.,male
Watching romantic comedies.,female
Playing video games.,male
Trying out a new recipe.,female
Planning a girls' night out.,female
I love watching football.,male
Doing yoga this morning.,female
I love watching football.,male
Playing video games.,male
Driving to the mountains.,male
Watching the game with friends.,male
Enjoying action movies.,male
Can't stop reading this novel.,female
Planning a girls' night out.,female
I love watching football.,male
Just fixed my bike.,male
Planning a girls' night out.,female
Just fixed my bike.,male
Building a new PC today!,male
Trying out a new recipe.,female
Enjoying a spa day.,female
Enjoying a spa day.,female
Going to the gym.,male
Enjoying a spa day.,female
Watching romantic comedies.,female
Going to the gym.,male
Doing yoga this morning.,female
Shopping with my besties.,female
I love watching football.,male
Going to the gym.,male
Enjoying action movies.,male
I love watching football.,male
Enjoying action movies.,male
Planning a girls' night out.,female
Watching the game with friends.,male
I love watching football.,male
Playing video games.,male
Just baked some cupcakes.,female
Playing video games.,male
I love watching football.,male
Building a new PC today!,male
Coding late into the night.,male
Watching the game with friends.,male
Just fixed my bike.,male
Planning a girls' night out.,female
Planning a girls' night out.,female
I love watching football.,male
Enjoying action movies.,male
Planning a girls' night out.,female
Planning a girls' night out.,female
Playing video games.,male
Can't stop reading this novel.,female
Shopping with my besties.,female
Watching the game with friends.,male
Coding late into the night.,male
I love watching football.,male
Driving to the mountains.,male
Loving this new lipstick shade!,female
Watching the game with friends.,male
Loving this new lipstick shade!,female
Coding late into the night.,male
Trying out a new recipe.,female
Doing yoga this morning.,female
Painting nails and chilling.,female
Enjoying a spa day.,female
Going to the gym.,male
Driving to the mountains.,male
Coding late into the night.,male
Driving to the mountains.,male
Going to the gym.,male
Loving this new lipstick shade!,female
Just baked some cupcakes.,female
Coding late into the night.,male
Can't stop reading this novel.,female
Enjoying a spa day.,female
Can't stop reading this novel.,female
Enjoying a spa day.,female
Playing video games.,male
Loving this new lipstick shade!,female
Just fixed my bike.,male
Enjoying action movies.,male
Doing yoga this morning.,female
Going to the gym.,male
Doing yoga this morning.,female
Coding late into the night.,male
Shopping with my besties.,female
Playing video games.,male
I love watching football.,male
Trying out a new recipe.,female
Enjoying action movies.,male
Playing video games.,male
Shopping with my besties.,female
Just fixed my bike.,male
Enjoying action movies.,male
Enjoying action movies.,male
Building a new PC today!,male
Building a new PC today!,male
I love watching football.,male
Painting nails and chilling.,female
Loving this new lipstick shade!,female
Watching romantic comedies.,female
Doing yoga this morning.,female
Painting nails and chilling.,female
Shopping with my besties.,female
Shopping with my besties.,female
Planning a girls' night out.,female
Playing video games.,male
Just got a haircut.,male
Loving this new lipstick shade!,female
Driving to the mountains.,male
Building a new PC today!,male
Loving this new lipstick shade!,female
Trying out a new recipe.,female
Driving to the mountains.,male
I love watching football.,male
Watching the game with friends.,male
Planning a girls' night out.,female
I love watching football.,male
I love watching football.,male
Playing video games.,male
Trying out a new recipe.,female
Can't stop reading this novel.,female
Loving this new lipstick shade!,female
Shopping with my besties.,female
Playing video games.,male
Planning a girls' night out.,female
Watching romantic comedies.,female
Playing video games.,male
Trying out a new recipe.,female
Planning a girls' night out.,female
Watching the game with friends.,male
Coding late into the night.,male
Enjoying action movies.,male
Watching romantic comedies.,female
Driving to the mountains.,male
Going to the gym.,male
Planning a girls' night out.,female
Playing video games.,male
Going to the gym.,male
Doing yoga this morning.,female
Enjoying a spa day.,female
Coding late into the night.,male
Building a new PC today!,male
Just baked some cupcakes.,female
Just fixed my bike.,male
Planning a girls' night out.,female
Just got a haircut.,male
Going to the gym.,male
Building a new PC today!,male
Painting nails and chilling.,female
Coding late into the night.,male
Just got a haircut.,male
Playing video games.,male
Coding late into the night.,male
Shopping with my besties.,female
Painting nails and chilling.,female
Watching the game with friends.,male
Watching the game with friends.,male
Just got a haircut.,male
Watching romantic comedies.,female
Doing yoga this morning.,female
Playing video games.,male
Doing yoga this morning.,female
Building a new PC today!,male
Planning a girls' night out.,female
I love watching football.,male
Painting nails and chilling.,female
Just baked some cupcakes.,female
Painting nails and chilling.,female
Going to the gym.,male
Painting nails and chilling.,female
Can't stop reading this novel.,female
Going to the gym.,male
Can't stop reading this novel.,female
Driving to the mountains.,male
Doing yoga this morning.,female
Shopping with my besties.,female
Enjoying a spa day.,female
Shopping with my besties.,female
Watching the game with friends.,male
Loving this new lipstick shade!,female
Going to the gym.,male
Watching romantic comedies.,female
Can't stop reading this novel.,female
Painting nails and chilling.,female
Enjoying action movies.,male
Playing video games.,male
Loving this new lipstick shade!,female
Enjoying action movies.,male
Just got a haircut.,male
Loving this new lipstick shade!,female
Enjoying action movies.,male
Going to the gym.,male
Trying out a new recipe.,female
Loving this new lipstick shade!,female
Just fixed my bike.,male
Can't stop reading this novel.,female
Watching romantic comedies.,female
Loving this new lipstick shade!,female
Building a new PC today!,male
Watching romantic comedies.,female
Watching romantic comedies.,female
Trying out a new recipe.,female
Enjoying a spa day.,female
Enjoying action movies.,male
Loving this new lipstick shade!,female
Shopping with my besties.,female
Watching the game with friends.,male
Loving this new lipstick shade!,female
Shopping with my besties.,female
Doing yoga this morning.,female
Watching the game with friends.,male
Watching romantic comedies.,female
Just fixed my bike.,male
Loving this new lipstick shade!,female
Just fixed my bike.,male
Painting nails and chilling.,female
Driving to the mountains.,male
Trying out a new recipe.,female
Planning a girls' night out.,female
Loving this new lipstick shade!,female
Watching the game with friends.,male
Watching the game with friends.,male
Building a new PC today!,male
Painting nails and chilling.,female
I love watching football.,male
Trying out a new recipe.,female
Just got a haircut.,male
Trying out a new recipe.,female
I love watching football.,male
Watching the game with friends.,male
Trying out a new recipe.,female
Painting nails and chilling.,female
Can't stop reading this novel.,female
Just fixed my bike.,male
Playing video games.,male
Enjoying action movies.,male
Planning a girls' night out.,female
Planning a girls' night out.,female
Driving to the mountains.,male
Enjoying action movies.,male
Just fixed my bike.,male
Planning a girls' night out.,female
Painting nails and chilling.,female
Shopping with my besties.,female
Just baked some cupcakes.,female
Just got a haircut.,male
Can't stop reading this novel.,female
Coding late into the night.,male
Watching romantic comedies.,female
Just baked some cupcakes.,female
Shopping with my besties.,female
Playing video games.,male
Playing video games.,male
Watching romantic comedies.,female
Enjoying a spa day.,female
Watching the game with friends.,male
Painting nails and chilling.,female
Coding late into the night.,male
Just fixed my bike.,male
Painting nails and chilling.,female
Coding late into the night.,male
Just got a haircut.,male
Coding late into the night.,male
Just fixed my bike.,male
Playing video games.,male
Watching the game with friends.,male
Enjoying action movies.,male
Watching the game with friends.,male
Doing yoga this morning.,female
Just fixed my bike.,male
Coding late into the night.,male
Going to the gym.,male
Going to the gym.,male
Just got a haircut.,male
Enjoying action movies.,male
Enjoying a spa day.,female
Planning a girls' night out.,female
Enjoying a spa day.,female
Building a new PC today!,male
Building a new PC today!,male
Enjoying action movies.,male
Trying out a new recipe.,female
Playing video games.,male
Planning a girls' night out.,female
Doing yoga this morning.,female
I love watching football.,male
Playing video games.,male
Can't stop reading this novel.,female
Doing yoga this morning.,female
Coding late into the night.,male
Can't stop reading this novel.,female
Going to the gym.,male
Watching romantic comedies.,female
Just fixed my bike.,male
Planning a girls' night out.,female
Just baked some cupcakes.,female
Driving to the mountains.,male
Enjoying a spa day.,female
Just baked some cupcakes.,female
Just baked some cupcakes.,female
Just fixed my bike.,male
Watching romantic comedies.,female
Enjoying a spa day.,female
Doing yoga this morning.,female
Going to the gym.,male
Going to the gym.,male
I love watching football.,male
Trying out a new recipe.,female
Just got a haircut.,male
Trying out a new recipe.,female
Trying out a new recipe.,female
Enjoying action movies.,male
Painting nails and chilling.,female
Shopping with my besties.,female
Just got a haircut.,male
Shopping with my besties.,female
Watching romantic comedies.,female
Just fixed my bike.,male
Planning a girls' night out.,female
Shopping with my besties.,female
Painting nails and chilling.,female
Just got a haircut.,male
Just fixed my bike.,male
Can't stop reading this novel.,female
Enjoying action movies.,male
Watching the game with friends.,male
Watching the game with friends.,male
Watching romantic comedies.,female
Planning a girls' night out.,female
Shopping with my besties.,female
Driving to the mountains.,male
Just fixed my bike.,male
Just fixed my bike.,male
Doing yoga this morning.,female
Playing video games.,male
Can't stop reading this novel.,female
Doing yoga this morning.,female
Just got a haircut.,male
Doing yoga this morning.,female
Just baked some cupcakes.,female
Going to the gym.,male
Going to the gym.,male
Doing yoga this morning.,female
Shopping with my besties.,female
Planning a girls' night out.,female
Doing yoga this morning.,female
Just baked some cupcakes.,female
Playing video games.,male
Just fixed my bike.,male
Coding late into the night.,male
Just baked some cupcakes.,female
Can't stop reading this novel.,female
Just fixed my bike.,male
Shopping with my besties.,female
Planning a girls' night out.,female
Watching romantic comedies.,female
Just got a haircut.,male
Shopping with my besties.,female
Just got a haircut.,male
Loving this new lipstick shade!,female
Building a new PC today!,male
Going to the gym.,male
Coding late into the night.,male
Painting nails and chilling.,female
Just baked some cupcakes.,female
Trying out a new recipe.,female
Driving to the mountains.,male
Just got a haircut.,male
Playing video games.,male
Planning a girls' night out.,female
Shopping with my besties.,female
Watching romantic comedies.,female
Building a new PC today!,male
Planning a girls' night out.,female
Trying out a new recipe.,female
Enjoying action movies.,male
I love watching football.,male
Enjoying action movies.,male
Driving to the mountains.,male
Building a new PC today!,male
Just fixed my bike.,male
Enjoying action movies.,male
Trying out a new recipe.,female
Painting nails and chilling.,female
Playing video games.,male
Watching romantic comedies.,female
Doing yoga this morning.,female
Enjoying a spa day.,female
Just got a haircut.,male
Doing yoga this morning.,female
Building a new PC today!,male
Enjoying action movies.,male
Just fixed my bike.,male
Can't stop reading this novel.,female
Playing video games.,male
Building a new PC today!,male
Enjoying action movies.,male
Watching romantic comedies.,female
Playing video games.,male
Planning a girls' night out.,female
Shopping with my besties.,female
Shopping with my besties.,female
Watching the game with friends.,male
Going to the gym.,male
Just got a haircut.,male
I love watching football.,male
Doing yoga this morning.,female
Shopping with my besties.,female
Watching romantic comedies.,female
Playing video games.,male
Going to the gym.,male
I love watching football.,male
Just fixed my bike.,male
Planning a girls' night out.,female
I love watching football.,male
Trying out a new recipe.,female
Trying out a new recipe.,female
Can't stop reading this novel.,female
Trying out a new recipe.,female
Loving this new lipstick shade!,female
Trying out a new recipe.,female
Just got a haircut.,male
Enjoying a spa day.,female
Trying out a new recipe.,female
Playing video games.,male
Enjoying action movies.,male
Loving this new lipstick shade!,female
Painting nails and chilling.,female
Shopping with my besties.,female
Trying out a new recipe.,female
Just baked some cupcakes.,female
Just baked some cupcakes.,female
Just got a haircut.,male
Building a new PC today!,male
Loving this new lipstick shade!,female
Building a new PC today!,male
Just fixed my bike.,male
Driving to the mountains.,male
Enjoying action movies.,male
Enjoying a spa day.,female
Shopping with my besties.,female
Enjoying a spa day.,female
Can't stop reading this novel.,female
Just baked some cupcakes.,female
Watching romantic comedies.,female
Just fixed my bike.,male
Enjoying action movies.,male
I love watching football.,male
Planning a girls' night out.,female
Playing video games.,male
Trying out a new recipe.,female
Doing yoga this morning.,female
Just baked some cupcakes.,female
Doing yoga this morning.,female
Can't stop reading this novel.,female
Driving to the mountains.,male
Can't stop reading this novel.,female
Going to the gym.,male
Shopping with my besties.,female
I love watching football.,male
Trying out a new recipe.,female
Painting nails and chilling.,female
Just got a haircut.,male
Enjoying a spa day.,female
Can't stop reading this novel.,female
Can't stop reading this novel.,female
Playing video games.,male
Playing video games.,male
Driving to the mountains.,male
Trying out a new recipe.,female
I love watching football.,male
Enjoying action movies.,male
Just got a haircut.,male
Playing video games.,male
Watching romantic comedies.,female
Can't stop reading this novel.,female
Playing video games.,male
Just fixed my bike.,male
Coding late into the night.,male
Just got a haircut.,male
Playing video games.,male
Coding late into the night.,male
Watching the game with friends.,male
Building a new PC today!,male
Enjoying a spa day.,female
Just got a haircut.,male
Playing video games.,male
Just got a haircut.,male
Watching romantic comedies.,female
Building a new PC today!,male
Watching the game with friends.,male
Can't stop reading this novel.,female
Coding late into the night.,male
Planning a girls' night out.,female
Enjoying action movies.,male
I love watching football.,male
Enjoying a spa day.,female
I love watching football.,male
Just baked some cupcakes.,female
Just got a haircut.,male
Painting nails and chilling.,female
Playing video games.,male
Trying out a new recipe.,female
Building a new PC today!,male
Enjoying a spa day.,female
Shopping with my besties.,female
Just baked some cupcakes.,female
Shopping with my besties.,female
Just got a haircut.,male
Going to the gym.,male
I love watching football.,male
Watching romantic comedies.,female
Driving to the mountains.,male
Just got a haircut.,male
Building a new PC today!,male
Loving this new lipstick shade!,female
I love watching football.,male
Coding late into the night.,male
Enjoying a spa day.,female
Driving to the mountains.,male
Enjoying a spa day.,female
Going to the gym.,male
Just baked some cupcakes.,female
Just baked some cupcakes.,female
Watching romantic comedies.,female
Driving to the mountains.,male
Building a new PC today!,male
Playing video games.,male
Painting nails and chilling.,female
Loving this new lipstick shade!,female
Just fixed my bike.,male
Just got a haircut.,male
Just baked some cupcakes.,female
Can't stop reading this novel.,female
Playing video games.,male
Watching romantic comedies.,female
Just baked some cupcakes.,female
Shopping with my besties.,female
Watching the game with friends.,male
Can't stop reading this novel.,female
Shopping with my besties.,female
Loving this new lipstick shade!,female
I love watching football.,male
Planning a girls' night out.,female
Going to the gym.,male
Watching the game with friends.,male
Shopping with my besties.,female
Enjoying a spa day.,female
Painting nails and chilling.,female
Playing video games.,male
Driving to the mountains.,male
Enjoying a spa day.,female
Trying out a new recipe.,female
Trying out a new recipe.,female
Just fixed my bike.,male
Doing yoga this morning.,female
Enjoying action movies.,male
Can't stop reading this novel.,female
Coding late into the night.,male
Trying out a new recipe.,female
Coding late into the night.,male
Enjoying a spa day.,female
Shopping with my besties.,female
Watching romantic comedies.,female
Can't stop reading this novel.,female
Just fixed my bike.,male
I love watching football.,male
Planning a girls' night out.,female
Watching the game with friends.,male
Going to the gym.,male
Shopping with my besties.,female
Just got a haircut.,male
Loving this new lipstick shade!,female
Watching romantic comedies.,female
Just fixed my bike.,male
Coding late into the night.,male
Coding late into the night.,male
Coding late into the night.,male
Driving to the mountains.,male
Watching the game with friends.,male
Enjoying action movies.,male
Driving to the mountains.,male
Just baked some cupcakes.,female
Coding late into the night.,male
Watching romantic comedies.,female
Trying out a new recipe.,female
Coding late into the night.,male
Trying out a new recipe.,female
Just baked some cupcakes.,female
Enjoying a spa day.,female
Coding late into the night.,male
Trying out a new recipe.,female
Shopping with my besties.,female
Planning a girls' night out.,female
Painting nails and chilling.,female
Enjoying a spa day.,female
Planning a girls' night out.,female
Building a new PC today!,male
Watching the game with friends.,male
Just baked some cupcakes.,female
Building a new PC today!,male
Watching the game with friends.,male
Shopping with my besties.,female
Loving this new lipstick shade!,female
Doing yoga this morning.,female
Trying out a new recipe.,female
Shopping with my besties.,female
Planning a girls' night out.,female
Watching the game with friends.,male
Loving this new lipstick shade!,female
Driving to the mountains.,male
